{"cameraMode":{"drawMode":0,"name":"Shaded","section":"Shading Mode"},"sceneLighting":true,"audioPlay":false,"sceneViewState":{"m_AlwaysRefresh":false,"showFog":true,"showSkybox":true,"showFlares":true,"showImageEffects":true,"showParticleSystems":true,"showVisualEffectGraphs":true,"m_FxEnabled":true},"in2DMode":false,"pivot":{"x":9.697412490844727,"y":71.46267700195313,"z":-24.888425827026368},"rotation":{"x":-0.7210801243782044,"y":0.09814049303531647,"z":-0.0967927873134613,"w":-0.6790946125984192},"size":0.020283937454223634,"orthographic":false}